Año,Trimestre,Provincia,ADSL,Cablemodem,Fibra óptica,Wireless,Otros,Total
2024,2,Buenos Aires,214055,2722466,1849476,138638000,64745000,4989380
2024,2,Capital Federal,54102,1144781,230402,4493000,29821000,1463599
2024,2,Catamarca,4951,10303,58355,1384000,81000,75074
2024,2,Chaco,9448,57935,68944,8407000,2358000,147092
2024,2,Chubut,25955,80704,26516,31118000,9930000,174223
2024,2,Córdoba,93483,443091,477504,62162000,9534000,1085774
2024,2,Corrientes,14849,86226,39792,10295000,5313000,156475
2024,2,Entre Ríos,31335,158918,68540,23954000,11564000,294311
2024,2,Formosa,8488,18768,18977,16430000,287000,62950
2024,2,Jujuy,9509,51361,53492,4106000,1216000,119684
2024,2,La Pampa,6778,58647,37226,19510000,1102000,123263
2024,2,La Rioja,2230,55531,23294,6396000,30000,87481
2024,2,Mendoza,17671,66636,188815,27606000,925000,301653
2024,2,Misiones,20868,76427,87389,14968000,6902000,206554
2024,2,Neuquén,23553,72698,41784,24549000,958000,163542
2024,2,Río Negro,20771,49722,67636,18083000,15829000,172041
2024,2,Salta,19831,98511,64689,11807000,6503000,201341
2024,2,San Juan,12669,16978,45792,23594000,6957000,105990
2024,2,San Luis,4038,40063,34255,78954000,299000,157609
2024,2,Santa Cruz,7768,14134,49545,11353000,661000,83461
2024,2,Santa Fe,88486,394939,390090,44286000,13172000,930973
2024,2,Santiago del Estero,5328,80000,30008,7058000,2920000,125314
2024,2,Tierra del Fuego,9357,47859,3684,177000,332000,61409
2024,2,Tucumán,27968,20806,213753,3869000,518000,266914
2024,1,Capital Federal,70108,1177475,203756,4493000,48879000,1504711
2024,1,Catamarca,5901,11025,56542,1384000,81000,74933
2024,1,Chaco,11343,58929,64463,8404000,12404000,155543
2024,1,Chubut,26306,77217,26356,30867000,9930000,170676
2024,1,Córdoba,102812,449784,458985,61121000,9497000,1082199
2024,1,Corrientes,18390,85595,38268,10409000,5232000,157894
2024,1,Entre Ríos,36574,158283,66180,23950000,11565000,296552
2024,1,Formosa,9147,18631,17908,16851000,181000,62718
2024,1,Jujuy,10554,51093,51084,4106000,1216000,118053
2024,1,La Pampa,6844,59008,35556,19681000,1106000,122195
2024,1,La Rioja,2827,55443,23086,6396000,30000,87782
2024,1,Mendoza,17674,70932,185460,27606000,925000,302597
2024,1,Misiones,23217,77561,81498,13378000,6902000,202556
2024,1,Neuquén,24076,73298,41577,24387000,908000,164246
2024,1,Río Negro,20841,49727,66889,17733000,15829000,171019
2024,1,Salta,23858,99150,61543,11807000,6503000,202861
2024,1,San Juan,12669,18543,44904,23594000,6956000,106666
2024,1,San Luis,4038,41260,31539,78954000,299000,156090
2024,1,Santa Cruz,7768,14435,49545,7799000,661000,80208
2024,1,Santa Fe,86548,399817,374288,44162000,13773000,918588
2024,1,Santiago del Estero,6644,80722,27018,7058000,2920000,124362
2024,1,Tierra del Fuego,9357,48005,3684,177000,332000,61555
2024,1,Tucumán,33682,20361,205959,4075000,518000,264595
2023,4,Buenos Aires,223391,2797700,1784593,137993000,67943000,5011620
2023,4,Capital Federal,58700,1198835,182520,4492000,29820000,1474367
2023,4,Catamarca,6669,11016,55437,1384000,81000,74587
2023,4,Chaco,14000,60277,62301,8404000,2404000,147386
2023,4,Chubut,26306,77217,26174,30543000,9930000,170170
2023,4,Córdoba,115662,452380,440536,61862000,8862000,1079302
2023,4,Corrientes,21769,86102,35968,10402000,5231000,159472
2023,4,Entre Ríos,41794,159575,61667,24036000,11565000,298637
2023,4,Formosa,10252,18325,16179,17061000,185000,62002
2023,4,Jujuy,11669,51083,49947,4105000,1216000,118020
2023,4,La Pampa,6844,59063,34331,19982000,1106000,121326
2023,4,La Rioja,3296,55441,22559,6395000,30000,87721
2023,4,Mendoza,17676,70920,182220,27609000,926000,299351
2023,4,Misiones,25840,79000,75382,12928000,7183000,200333
2023,4,Neuquén,24122,73784,41583,24390000,748000,164627
2023,4,Río Negro,21192,49789,64323,17284000,15829000,168417
2023,4,Salta,26765,98853,60800,11806000,6508000,204732
2023,4,San Juan,12669,18543,42691,22351000,6956000,103210
2023,4,San Luis,4037,41260,30135,78954000,299000,154685
2023,4,Santa Cruz,7768,15669,55246,7687000,661000,87031
2023,4,Santa Fe,97004,398670,355762,44521000,13544000,909501
2023,4,Santiago del Estero,8290,80692,24271,7057000,2920000,123230
2023,4,Tierra del Fuego,9357,48071,3682,157000,332000,61599
2023,4,Tucumán,41318,20267,199876,4357000,517000,266335
2023,3,Buenos Aires,237705,2784175,1740239,137921000,68197000,4968237
2023,3,Capital Federal,60765,1205339,167428,4629000,29823000,1467984
2023,3,Catamarca,7164,11066,54650,1384000,91000,74355
2023,3,Chaco,16420,60058,54993,8267000,2408000,142146
2023,3,Chubut,26352,75460,25827,30521000,9908000,168068
2023,3,Córdoba,125050,453994,417338,62514000,10438000,1069334
2023,3,Corrientes,24253,83897,36032,10407000,5240000,159829
2023,3,Entre Ríos,45384,157464,54794,24481000,11170000,293293
2023,3,Formosa,11230,18053,14904,16899000,228000,61314
2023,3,Jujuy,12627,51082,48350,4067000,1251000,117377
2023,3,La Pampa,6844,59063,32891,20014000,1109000,119921
2023,3,La Rioja,3726,55494,22054,6395000,32000,87701
2023,3,Mendoza,17677,73066,178719,27609000,951000,298022
2023,3,Misiones,27934,79087,70003,12928000,7183000,197135
2023,3,Neuquén,24527,73329,39243,24085000,3089000,164273
2023,3,Río Negro,22422,50429,56668,16864000,17102000,163485
2023,3,Salta,29113,98324,59914,12337000,6545000,206233
2023,3,San Juan,12669,19376,42383,22317000,6985000,103730
2023,3,San Luis,4037,41624,24525,78431000,299000,148916
2023,3,Santa Cruz,8376,23931,11270,3660000,750000,47987
2023,3,Santa Fe,108503,397854,336013,44545000,13437000,900352
2023,3,Santiago del Estero,9412,80919,21745,6916000,2936000,121928
2023,3,Tierra del Fuego,9357,45203,3682,157000,332000,58731
2023,3,Tucumán,46348,20545,195053,4088000,523000,266557
2023,2,Buenos Aires,265537,2766463,1645945,138405000,69138000,4885488
2023,2,Capital Federal,68348,1218631,136295,4504000,29900000,1457678
2023,2,Catamarca,7637,10700,53177,1384000,92000,72990
2023,2,Chaco,19115,59944,51955,8267000,2574000,141855
2023,2,Chubut,33702,73689,16111,30521000,9938000,163961
2023,2,Córdoba,129303,453924,411703,62391000,10430000,1067751
2023,2,Corrientes,26821,82977,32834,10407000,5255000,158294
2023,2,Entre Ríos,46503,142562,49251,24461000,11170000,273947
2023,2,Formosa,11934,17678,13698,16813000,227000,60350
2023,2,Jujuy,13749,51082,47289,4067000,1255000,117442
2023,2,La Pampa,7254,59101,31449,19993000,1113000,118910
2023,2,La Rioja,4152,55148,21245,6395000,32000,86972
2023,2,Mendoza,25299,71931,171857,27609000,980000,297676
2023,2,Misiones,28897,82058,64406,12927000,7183000,195471
2023,2,Neuquén,26379,73040,35171,24046000,3110000,161746
2023,2,Río Negro,26390,49684,53325,16864000,17116000,163379
2023,2,Salta,30666,97501,58275,12337000,6549000,205328
2023,2,San Juan,21483,20200,25217,23545000,7004000,97449
2023,2,San Luis,4937,41949,15595,77960000,307000,140748
2023,2,Santa Cruz,9019,23896,11269,3660000,758000,48602
2023,2,Santa Fe,126344,399669,311166,44134000,14501000,895814
2023,2,Santiago del Estero,10629,80086,17244,6916000,2934000,117809
2023,2,Tierra del Fuego,12392,45224,525,157000,337000,58635
2023,2,Tucumán,50019,20012,188986,4060000,525000,263602
2023,1,Buenos Aires,304583,2761043,1551074,132458000,71770000,4820928
2023,1,Capital Federal,132149,1223930,156222,4605000,31823000,1548729
2023,1,Catamarca,6980,10655,50230,1384000,2243000,71492
2023,1,Chaco,21243,60727,49756,8142000,2574000,142442
2023,1,Chubut,45448,73525,9815,30521000,10744000,170053
2023,1,Córdoba,136976,455139,386297,61066000,10494000,1049972
2023,1,Corrientes,29577,81116,30016,11071000,5240000,157020
2023,1,Entre Ríos,51084,141699,44508,26415000,11172000,274878
2023,1,Formosa,12502,17421,13345,17490000,227000,60985
2023,1,Jujuy,15306,51082,46271,4067000,1255000,117981
2023,1,La Pampa,7049,59944,28126,20103000,1282000,116504
2023,1,La Rioja,4652,54604,20722,6395000,32000,86405
2023,1,Mendoza,37646,73678,152534,27592000,1569000,293019
2023,1,Misiones,30455,82834,56619,12896000,7881000,190685
2023,1,Neuquén,28030,72639,32296,23937000,3510000,160412
2023,1,Río Negro,33604,49128,45329,16857000,19413000,164331
2023,1,Salta,33427,96922,56259,12269000,6549000,205426
2023,1,San Juan,38568,21215,12798,21912000,7274000,101767
2023,1,San Luis,6283,42789,6952,78954000,485000,135463
2023,1,Santa Cruz,9702,23839,12217,3660000,943000,50361
2023,1,Santa Fe,138935,405618,283988,43487000,14246000,886274
2023,1,Santiago del Estero,11642,80407,16656,6916000,2934000,118555
2023,1,Tierra del Fuego,12754,43146,405,157000,651000,57113
2023,1,Tucumán,55822,19482,180976,4293000,527000,261100
2022,4,Buenos Aires,325908,2767247,1499149,129910000,72451000,4794665
2022,4,Capital Federal,138753,1238196,138548,4603000,31826000,1551926
2022,4,Catamarca,8952,10998,47337,1379000,2243000,70909
2022,4,Chaco,24582,61265,47285,7957000,2574000,143663
2022,4,Chubut,45450,73923,9815,30721000,8850000,168759
2022,4,Córdoba,152265,456947,367393,61631000,11424000,1049660
2022,4,Corrientes,34038,80283,26752,9082000,5298000,155453
2022,4,Entre Ríos,55507,135746,40798,26414000,12509000,270974
2022,4,Formosa,13735,17068,13118,17692000,227000,61840
2022,4,Jujuy,17880,52390,42626,4067000,1255000,118218
2022,4,La Pampa,7785,60566,24552,19995000,1266000,114164
2022,4,La Rioja,6120,54387,19328,6395000,32000,86262
2022,4,Mendoza,37655,77814,147080,27607000,1948000,292104
2022,4,Misiones,33204,87202,46885,11075000,7903000,186269
2022,4,Neuquén,28609,72679,31567,23815000,3510000,160180
2022,4,Río Negro,34043,48401,43958,16277000,19413000,162092
2022,4,Salta,36939,97023,53470,11884000,6544000,205860
2022,4,San Juan,38570,22913,12491,21912000,7940000,103826
2022,4,San Luis,6283,43460,3409,81557000,511000,135220
2022,4,Santa Cruz,9702,23876,12217,3746000,662000,50203
2022,4,Santa Fe,163621,412157,248558,44113000,19242000,887691
2022,4,Santiago del Estero,13577,80955,15117,6911000,2934000,119494
2022,4,Tierra del Fuego,12754,41293,405,157000,651000,55260
2022,4,Tucumán,69441,20668,168717,4069000,527000,263422
2022,3,Buenos Aires,339648,2748325,1436433,126846000,70416000,4721668
2022,3,Capital Federal,140791,1240125,129218,5758000,31787000,1547679
2022,3,Catamarca,10010,10495,46224,1329000,2235000,70293
2022,3,Chaco,27164,61800,44645,8178000,2359000,144146
2022,3,Chubut,45377,72212,9574,29784000,8831000,165778
2022,3,Córdoba,163770,465461,338570,61070000,9797000,1038668
2022,3,Corrientes,36508,77140,18619,7256000,5323000,144846
2022,3,Entre Ríos,60345,132952,36971,26098000,12593000,268959
2022,3,Formosa,14470,25880,11041,16935000,212000,68538
2022,3,Jujuy,19257,52978,40172,4033000,2383000,118823
2022,3,La Pampa,7796,60078,23551,20216000,4451000,116092
2022,3,La Rioja,6842,53899,19697,6395000,31000,86864
2022,3,Mendoza,37659,78858,142615,27625000,2766000,289523
2022,3,Misiones,35513,88902,39046,11074000,7622000,182157
2022,3,Neuquén,29352,75815,29396,27482000,1116000,163161
2022,3,Río Negro,35552,48260,41017,16760000,18969000,160558
2022,3,Salta,40006,96984,50254,10082000,7215000,204541
2022,3,San Juan,38570,22723,12328,21860000,7918000,103399
2022,3,San Luis,6860,29363,248,70614000,14985000,122070
2022,3,Santa Cruz,10170,24047,10815,3896000,582000,49510
2022,3,Santa Fe,183740,426255,215189,43079000,19547000,887810
2022,3,Santiago del Estero,15385,80937,13170,6618000,2922000,119032
2022,3,Tierra del Fuego,12754,39963,403,125000,651000,53896
2022,3,Tucumán,77738,18518,162345,3997000,519000,263117
2022,2,Buenos Aires,350652,2719613,1399043,126847000,71028000,4667183
2022,2,Capital Federal,145491,1232226,121506,5757000,31791000,1536771
2022,2,Catamarca,11928,9430,42087,1329000,2234000,67008
2022,2,Chaco,29552,61284,42194,8178000,2356000,143564
2022,2,Chubut,45377,69242,9574,29784000,8828000,162805
2022,2,Córdoba,179181,467595,308895,61107000,9657000,1026435
2022,2,Corrientes,38468,75769,18181,7256000,5323000,144997
2022,2,Entre Ríos,63794,131029,35839,26098000,12592000,269352
2022,2,Formosa,15397,25487,9875,16910000,212000,67881
2022,2,Jujuy,20303,54495,34184,3955000,2377000,115314
2022,2,La Pampa,7796,59273,22994,20200000,1264000,111527
2022,2,La Rioja,7759,52656,19189,6395000,31000,86030
2022,2,Mendoza,37663,77504,135504,26964000,1927000,279562
2022,2,Misiones,37208,89260,33649,11074000,7622000,178813
2022,2,Neuquén,29749,74905,28824,27371000,1119000,161968
2022,2,Río Negro,36050,47040,40946,16760000,18968000,159764
2022,2,Salta,42665,96178,47076,10068000,7190000,203177
2022,2,San Juan,38570,19734,12328,21859000,7916000,100407
2022,2,San Luis,6860,29034,248,70614000,14985000,121741
2022,2,Santa Cruz,10170,23725,10815,3896000,579000,49185
2022,2,Santa Fe,198492,428233,189503,43081000,19550000,878859
2022,2,Santiago del Estero,16561,80338,11605,6618000,2922000,118044
2022,2,Tierra del Fuego,12754,39837,403,125000,651000,53770
2022,2,Tucumán,85893,15327,148823,3997000,487000,254527
2022,1,Buenos Aires,392045,2728865,1242121,125521000,66872000,4555424
2022,1,Capital Federal,102290,1217225,62308,5784000,29934000,1417541
2022,1,Catamarca,14181,15517,29118,1328000,2234000,62378
2022,1,Chaco,32391,64546,36662,8164000,2356000,144119
2022,1,Chubut,44133,66667,9184,30592000,21052000,171628
2022,1,Córdoba,195610,501799,235838,60843000,9713000,1003803
2022,1,Corrientes,40462,79093,10875,6774000,5374000,142578
2022,1,Entre Ríos,67159,138986,23091,26098000,12592000,267926
2022,1,Formosa,16397,15927,5146,16876000,202000,54548
2022,1,Jujuy,21307,60616,25949,4662000,3975000,116509
2022,1,La Pampa,8003,58978,21739,19903000,1109000,109732
2022,1,La Rioja,9103,59228,9546,6395000,31000,84303
2022,1,Mendoza,49464,74145,123228,26969000,1379000,275185
2022,1,Misiones,39147,91752,25178,7807000,7624000,171508
2022,1,Neuquén,28443,73200,24193,23098000,745000,149679
2022,1,Río Negro,38662,45366,38037,16815000,18494000,157374
2022,1,Salta,44714,98667,40994,5950000,7190000,197515
2022,1,San Juan,34038,14449,11294,20723000,7674000,88178
2022,1,San Luis,7987,11296,31,71809000,28721000,119844
2022,1,Santa Cruz,10537,23420,10766,3974000,405000,49102
2022,1,Santa Fe,213486,444609,146552,45261000,20571000,870479
2022,1,Santiago del Estero,18118,87979,1093,6349000,2922000,116461
2022,1,Tierra del Fuego,13031,38700,416,124000,340000,52611
2022,1,Tucumán,92532,62396,86174,3995000,487000,245584
2021,4,Buenos Aires,426325,2706506,1176024,126887000,73415000,4509157
2021,4,Capital Federal,111360,1205128,60005,5679000,29947000,1412119
2021,4,Catamarca,16385,13858,25100,1512000,2235000,59090
2021,4,Chaco,35548,63145,34688,8005000,2359000,143745
2021,4,Chubut,46361,57412,9655,28041000,18839000,160308
2021,4,Córdoba,212011,487489,217214,61277000,8779000,986770
2021,4,Corrientes,42523,71183,10138,6778000,5290000,135912
2021,4,Entre Ríos,70459,133387,23452,25022000,12726000,265046
2021,4,Formosa,17211,15111,5151,16018000,172000,53663
2021,4,Jujuy,22330,60511,24156,2927000,3991000,113915
2021,4,La Pampa,8175,58000,20192,19286000,1354000,107007
2021,4,La Rioja,10387,56651,9446,6613000,31000,83128
2021,4,Mendoza,59842,71553,109667,24666000,1859000,267587
2021,4,Misiones,41778,92068,22035,7649000,7602000,171132
2021,4,Neuquén,29175,72761,23253,21531000,746000,147466
2021,4,Río Negro,42037,44495,32212,16558000,18451000,153753
2021,4,Salta,46972,99808,39555,5882000,7188000,199405
2021,4,San Juan,35868,13102,11072,11423000,8493000,79958
2021,4,San Luis,8472,11064,30,70560000,28723000,118849
2021,4,Santa Cruz,10790,22902,10031,4346000,417000,48486
2021,4,Santa Fe,233427,444373,128856,43556000,16229000,866441
2021,4,Santiago del Estero,19032,86563,1088,6256000,2922000,115861
2021,4,Tierra del Fuego,13317,38148,426,124000,342000,52357
2021,4,Tucumán,97830,59022,78790,2511000,486000,238639
2021,3,Buenos Aires,585729,2595485,885613,120228000,64554000,4251609
2021,3,Capital Federal,142902,1192107,42966,6059000,29371000,1413405
2021,3,Catamarca,18413,11709,22331,1568000,2233000,56254
2021,3,Chaco,38258,63659,27583,8018000,2353000,139871
2021,3,Chubut,49269,55794,8946,23376000,18681000,156066
2021,3,Córdoba,229275,477223,167495,57617000,15178000,946788
2021,3,Corrientes,44805,69403,7542,6766000,5303000,133819
2021,3,Entre Ríos,74443,128752,20485,23500000,13195000,260375
2021,3,Formosa,18093,14111,4730,15690000,171000,52795
2021,3,Jujuy,23554,60758,19926,2952000,3968000,111158
2021,3,La Pampa,9015,57881,17817,14479000,1295000,100487
2021,3,La Rioja,11329,54744,9444,6613000,30000,82160
2021,3,Mendoza,91474,71247,70579,21811000,828000,255939
2021,3,Misiones,43230,89469,10969,7198000,7662000,158528
2021,3,Neuquén,29650,73794,16455,19270000,640000,139809
2021,3,Río Negro,47934,44519,18725,15031000,18376000,144585
2021,3,Salta,49212,98318,36126,5724000,6453000,195833
2021,3,San Juan,40072,12922,6670,11372000,8447000,79483
2021,3,San Luis,8417,11884,27,68856000,28680000,117864
2021,3,Santa Cruz,12347,22961,6328,4269000,3071000,48976
2021,3,Santa Fe,245929,443156,93412,43447000,15640000,841584
2021,3,Santiago del Estero,19939,85535,909,6147000,2928000,115458
2021,3,Tierra del Fuego,12853,36958,6,16000,390000,50223
2021,3,Tucumán,104489,53868,70964,2408000,743000,232472
2021,2,Buenos Aires,603255,2503830,854173,113546000,57547000,4132351
2021,2,Capital Federal,148989,1175097,41318,5580000,29371000,1400355
2021,2,Catamarca,20305,9426,22331,1449000,2233000,55744
2021,2,Chaco,39826,62948,27584,8018000,2353000,140729
2021,2,Chubut,49271,41497,6081,23682000,18706000,139237
2021,2,Córdoba,239780,467782,151855,55944000,15519000,930880
2021,2,Corrientes,46648,67262,3731,6557000,5303000,129501
2021,2,Entre Ríos,77836,124957,17856,23786000,13197000,257632
2021,2,Formosa,19571,12509,3610,15690000,171000,51551
2021,2,Jujuy,24738,60800,19611,2731000,3968000,111848
2021,2,La Pampa,9017,57014,17132,13209000,1295000,97667
2021,2,La Rioja,11627,54255,9445,6245000,30000,81602
2021,2,Mendoza,91503,70834,44696,21811000,827000,229671
2021,2,Misiones,44960,87861,10376,5317000,7662000,156176
2021,2,Neuquén,30083,72690,15619,19218000,640000,138250
2021,2,Río Negro,48189,43761,18727,15031000,18376000,144084
2021,2,Salta,51396,96016,32050,5724000,6453000,191639
2021,2,San Juan,40072,12369,6673,11372000,8447000,78933
2021,2,San Luis,8417,11308,28,66860000,36205000,122818
2021,2,Santa Cruz,12347,22967,6328,4269000,3071000,48982
2021,2,Santa Fe,256741,431915,90424,43997000,17523000,840600
2021,2,Santiago del Estero,20734,83770,909,5081000,3596000,114090
2021,2,Tierra del Fuego,12853,22504,6,14000,316000,35693
2021,2,Tucumán,110429,48359,71683,1837000,743000,233051
2021,1,Buenos Aires,629679,2452056,821597,98806000,57864000,4060002
2021,1,Capital Federal,159805,1145093,39980,5559000,29236000,1379673
2021,1,Catamarca,26316,4409,18688,322000,2233000,51968
2021,1,Chaco,43214,61251,25426,8004000,1875000,139770
2021,1,Chubut,45501,40960,3444,23723000,18712000,132340
2021,1,Córdoba,260350,444695,134634,54137000,17065000,910881
2021,1,Corrientes,49160,62876,3337,5949000,5303000,126625
2021,1,Entre Ríos,83688,118424,16846,20836000,12169000,251963
2021,1,Formosa,20663,11412,2562,15669000,380000,50686
2021,1,Jujuy,32254,54324,17322,2677000,3879000,110456
2021,1,La Pampa,8946,58711,15779,12369000,1300000,97105
2021,1,La Rioja,17363,34984,1,250000,30000,52628
2021,1,Mendoza,91844,69295,38619,18332000,833000,218923
2021,1,Misiones,48292,82339,7064,4796000,6896000,149387
2021,1,Neuquén,30223,70457,14171,17752000,632000,133235
2021,1,Río Negro,48777,42192,17828,13994000,18377000,141168
2021,1,Salta,54768,89187,31498,5669000,6452000,187574
2021,1,San Juan,40072,11589,6671,11482000,8453000,78267
2021,1,San Luis,8417,10678,28,63826000,36205000,119154
2021,1,Santa Cruz,12347,23089,5975,4264000,390000,46065
2021,1,Santa Fe,277012,421480,70976,39140000,17519000,826127
2021,1,Santiago del Estero,26468,75849,570,5158000,3596000,111641
2021,1,Tierra del Fuego,12853,27247,6,0,316000,40422
2021,1,Tucumán,147199,12185,69954,1834000,740000,231912
2020,4,Buenos Aires,635651,2441248,804991,93444000,57927000,4033261
2020,4,Capital Federal,163060,1142528,39890,4815000,29237000,1379530
2020,4,Catamarca,26870,5115,17856,322000,2233000,52396
2020,4,Chaco,44332,61200,23687,7997000,1875000,139091
2020,4,Chubut,45703,39756,3040,23363000,18712000,130574
2020,4,Córdoba,267396,439322,125620,52827000,17536000,902701
2020,4,Corrientes,50102,61495,3146,5626000,5290000,125659
2020,4,Entre Ríos,85683,113670,15653,20206000,12169000,247381
2020,4,Formosa,21264,10789,2432,15341000,380000,50206
2020,4,Jujuy,32850,52815,15639,1077000,3470000,105851
2020,4,La Pampa,9009,58945,15432,12194000,1315000,96895
2020,4,La Rioja,17513,34984,1,250000,30000,52778
2020,4,Mendoza,91842,68364,36083,18331000,833000,215453
2020,4,Misiones,49462,79855,6589,4359000,6896000,147161
2020,4,Neuquén,30468,70614,13732,17689000,632000,133135
2020,4,Río Negro,48991,42022,17826,13994000,18377000,141210
2020,4,Salta,56659,87817,30604,5858000,6452000,187390
2020,4,San Juan,40072,7004,6599,10468000,8453000,72596
2020,4,San Luis,8417,11767,27,63019000,36205000,119435
2020,4,Santa Cruz,12347,19657,1041,4659000,2970000,40674
2020,4,Santa Fe,287271,414746,62692,38712000,17392000,820813
2020,4,Santiago del Estero,26812,70522,570,5169000,3596000,106669
2020,4,Tierra del Fuego,12853,26439,6,0,316000,39614
2020,4,Tucumán,149322,11150,68043,1834000,740000,231089
2020,3,Buenos Aires,653930,2384557,749087,94162000,55541000,3937277
2020,3,Capital Federal,170375,1129573,39417,3936000,29374000,1372675
2020,3,Catamarca,26868,3690,16857,261000,2228000,49904
2020,3,Chaco,45745,58825,20675,6706000,2003000,133954
2020,3,Chubut,45761,39386,2897,23216000,18767000,130027
2020,3,Córdoba,276360,430771,102217,48368000,9756000,867472
2020,3,Corrientes,50858,58681,2960,5513000,5379000,123391
2020,3,Entre Ríos,87892,106950,13954,20379000,12320000,241495
2020,3,Formosa,21790,10003,2000,15023000,393000,49209
2020,3,Jujuy,32611,57682,11112,952000,4371000,106728
2020,3,La Pampa,9015,56845,14677,11893000,1305000,93735
2020,3,La Rioja,17346,34984,1,250000,35000,52616
2020,3,Mendoza,91908,64672,32817,17523000,868000,207788
2020,3,Misiones,50195,77989,2572,3445000,8985000,143186
2020,3,Neuquén,30222,70446,11043,16787000,737000,129235
2020,3,Río Negro,49530,40001,10381,13187000,18368000,131467
2020,3,Salta,58216,84128,25445,5764000,7293000,180846
2020,3,San Juan,40092,9223,5509,14023000,8480000,77327
2020,3,San Luis,8401,10077,6,61828000,36253000,116565
2020,3,Santa Cruz,12845,16098,1027,6938000,2373000,39281
2020,3,Santa Fe,295051,405807,45721,37112000,19307000,802998
2020,3,Santiago del Estero,26419,70720,555,4185000,3613000,105492
2020,3,Tierra del Fuego,12854,26491,0,0,310000,39655
2020,3,Tucumán,149605,11752,59949,1808000,762000,223876
2020,2,Buenos Aires,661272,2244277,723072,91736000,57189000,3777546
2020,2,Capital Federal,178896,1106133,39482,3937000,29373000,1357821
2020,2,Catamarca,26968,3641,14878,261000,2228000,47976
2020,2,Chaco,46816,56017,17266,6452000,1581000,128132
2020,2,Chubut,45761,38279,1324,17678000,5614000,108656
2020,2,Córdoba,282858,415007,85818,44522000,8263000,836468
2020,2,Corrientes,51248,55536,3144,3927000,5011000,118866
2020,2,Entre Ríos,89391,99423,13954,20042000,11303000,234113
2020,2,Formosa,21805,9353,1882,14723000,169000,47932
2020,2,Jujuy,32705,38938,5057,952000,16664000,94316
2020,2,La Pampa,8551,54422,14232,11314000,1290000,89809
2020,2,La Rioja,16885,34984,1,250000,35000,52155
2020,2,Mendoza,91904,62941,29613,15924000,802000,201184
2020,2,Misiones,50792,74497,2579,3319000,9153000,140340
2020,2,Neuquén,30256,67990,11037,15755000,1134000,126172
2020,2,Río Negro,49756,39650,10382,11331000,18367000,129486
2020,2,Salta,59502,81740,24289,5123000,7108000,177762
2020,2,San Juan,40092,8275,5509,7019000,8882000,69777
2020,2,San Luis,8401,8357,6,60935000,36253000,113952
2020,2,Santa Cruz,12845,16044,1027,6585000,2368000,38869
2020,2,Santa Fe,299974,381679,46698,30487000,19094000,777932
2020,2,Santiago del Estero,25917,72074,355,3038000,4063000,105447
2020,2,Tierra del Fuego,12854,26025,0,0,310000,39189
2020,2,Tucumán,150084,9833,55120,1357000,762000,217156
2020,1,Buenos Aires,673237,2210349,720688,85443000,18334000,3708051
2020,1,Capital Federal,184494,1097635,38898,3911000,28556000,1353494
2020,1,Catamarca,21945,3146,12056,261000,2227000,39635
2020,1,Chaco,46356,54144,11958,6239000,1580000,120277
2020,1,Chubut,45763,27287,1324,16885000,5479000,96738
2020,1,Córdoba,286168,406109,68512,41617000,8693000,811099
2020,1,Corrientes,51126,53231,2172,2437000,5004000,113970
2020,1,Entre Ríos,90368,95434,13245,18737000,14062000,231846
2020,1,Formosa,21068,8887,1800,14510000,169000,46434
2020,1,Jujuy,32066,38938,3078,942000,16641000,91665
2020,1,La Pampa,8553,53755,13821,11295000,1802000,89226
2020,1,La Rioja,13076,34984,0,251000,29000,48340
2020,1,Mendoza,91955,50251,28059,12465000,722000,183452
2020,1,Misiones,51458,69452,1220,460000,10962000,133552
2020,1,Neuquén,29305,65951,11031,14711000,729000,121727
2020,1,Río Negro,47756,38479,10381,11222000,18362000,126200
2020,1,Salta,60426,75593,23025,4125000,7212000,170381
2020,1,San Juan,40092,6448,5508,7082000,5101000,64231
2020,1,San Luis,8301,7612,5,58301000,36333000,110552
2020,1,Santa Cruz,12845,15766,1026,6817000,2368000,38822
2020,1,Santa Fe,302366,383673,35123,30488000,19468000,771118
2020,1,Santiago del Estero,24695,70424,200,2779000,4657000,102755
2020,1,Tierra del Fuego,12854,25632,0,0,308000,38794
2020,1,Tucumán,143184,10494,44687,1355000,347000,200067
2019,4,Buenos Aires,720011,2191672,669194,87111000,18266000,3686254
2019,4,Capital Federal,196938,1093143,35534,3914000,28576000,1358105
2019,4,Catamarca,22999,3318,9506,261000,2227000,38311
2019,4,Chaco,48661,53602,8831,5229000,1580000,117903
2019,4,Chubut,47045,26977,1324,15267000,5489000,96102
2019,4,Córdoba,296872,410038,53335,37750000,8693000,806688
2019,4,Corrientes,52525,51845,2002,2458000,5004000,113834
2019,4,Entre Ríos,92981,99206,12875,18561000,15407000,239030
2019,4,Formosa,21567,8684,1760,14531000,169000,46711
2019,4,Jujuy,32949,37604,873,814000,16641000,88881
2019,4,La Pampa,15457,56854,4942,11341000,1805000,90399
2019,4,La Rioja,13738,34984,0,251000,29000,49002
2019,4,Mendoza,96678,49711,24989,13672000,730000,185780
2019,4,Misiones,53116,69676,847,441000,11733000,135813
2019,4,Neuquén,29826,60970,10549,14246000,854000,116445
2019,4,Río Negro,49747,37933,9658,11437000,18365000,127140
2019,4,Salta,63272,76062,21865,3040000,8206000,172445
2019,4,San Juan,41360,6338,4931,7241000,5104000,64974
2019,4,San Luis,8569,8027,6,55266000,36333000,108201
2019,4,Santa Cruz,13264,15899,1036,6800000,2371000,39370
2019,4,Santa Fe,312072,382254,27464,26978000,20401000,769169
2019,4,Santiago del Estero,24682,71239,200,2810000,4657000,103588
2019,4,Tierra del Fuego,13261,26821,0,0,310000,40392
2019,4,Tucumán,146985,11012,39574,725000,348000,198644
2018,4,Buenos Aires,1305576,1949637,296102,65477000,19814000,3636606
2018,4,Capital Federal,328253,1019490,33042,3978000,4257000,1389020
2018,4,Catamarca,26912,4443,16,0,2212000,33583
2018,4,Chaco,53409,43555,1940,3236000,1130000,103270
2018,4,Chubut,37215,23065,952,14443000,3047000,78722
2018,4,Córdoba,328854,355716,17675,21851000,13243000,737339
2018,4,Corrientes,55842,42418,796,1515000,30000,100601
2018,4,Entre Ríos,101168,86198,4853,15472000,14356000,222047
2018,4,Formosa,22619,7880,887,13761000,57000,45204
2018,4,Jujuy,33248,12484,153,640000,43608000,90133
2018,4,La Pampa,18832,55337,2685,7772000,1010000,85636
2018,4,La Rioja,16367,34984,12,252000,36000,51651
2018,4,Mendoza,148524,40205,5665,10363000,1547000,206304
2018,4,Misiones,55500,53673,465,426000,6209000,116273
2018,4,Neuquén,40747,55634,3115,12425000,2444000,114365
2018,4,Río Negro,68377,34292,1299,8037000,4832000,116837
2018,4,Salta,74295,57539,638,253000,1853000,134578
2018,4,San Juan,51660,5838,806,2883000,1211000,62398
2018,4,San Luis,11108,7784,378,53097000,23964000,96331
2018,4,Santa Cruz,10659,4615,382,6378000,2734000,24768
2018,4,Santa Fe,335519,322782,14387,18705000,28997000,720390
2018,4,Santiago del Estero,25339,61243,23,2649000,81000,89335
2018,4,Tierra del Fuego,19789,23349,1623,0,1499000,46260
2018,4,Tucumán,159215,11670,119,686000,314000,172004
2018,3,Buenos Aires,1435856,1929273,156382,62318000,26448000,3610277
2018,3,Capital Federal,334353,1009252,35694,3872000,9319000,1392490
2018,3,Catamarca,27553,4443,15,1000,2214000,34226
2018,3,Chaco,53927,42359,1990,2628000,1129000,102033
2018,3,Chubut,58887,23065,1239,13817000,6728000,103736
2018,3,Córdoba,337620,342401,15785,19213000,10839000,725858
2018,3,Corrientes,56444,41300,212,1468000,32000,99456
2018,3,Entre Ríos,103318,83714,2403,15093000,80000,204608
2018,3,Formosa,22777,7589,817,13625000,57000,44865
2018,3,Jujuy,33363,10856,32,641000,43000,44935
2018,3,La Pampa,12415,54574,8437,7011000,987000,83424
2018,3,La Rioja,16587,34984,13,253000,35000,51872
2018,3,Mendoza,151033,40205,5744,8195000,1852000,207029
2018,3,Misiones,56290,50793,512,391000,56000,108042
2018,3,Neuquén,46602,54129,998,12277000,2712000,116718
2018,3,Río Negro,68590,33474,1252,5051000,5125000,113492
2018,3,Salta,76600,53980,678,234000,1391000,132883
2018,3,San Juan,54025,5838,826,2744000,1048000,64481
2018,3,San Luis,11096,7784,368,52859000,2314000,74421
2018,3,Santa Cruz,18606,4574,585,6238000,3996000,33999
2018,3,Santa Fe,339126,312866,11749,16337000,15022000,695100
2018,3,Santiago del Estero,25805,58789,23,1662000,81000,86360
2018,3,Tierra del Fuego,19365,22649,1502,1000,2047000,45564
2018,3,Tucumán,161209,9280,110,252000,315000,171166
2018,2,Buenos Aires,1450203,1807868,143626,71256000,27746000,3500699
2018,2,Capital Federal,342431,977916,35610,3908000,9321000,1369186
2018,2,Catamarca,27444,4415,15,1000,2214000,34089
2018,2,Chaco,54134,40750,562,1946000,1129000,98521
2018,2,Chubut,58935,19591,1239,14070000,6729000,100564
2018,2,Córdoba,345141,327636,13832,16355000,10109000,713073
2018,2,Corrientes,56541,39715,201,1468000,32000,97957
2018,2,Entre Ríos,104811,80376,2405,12313000,80000,199985
2018,2,Formosa,23543,7311,18,13625000,57000,44554
2018,2,Jujuy,33571,10856,23,640000,43000,45133
2018,2,La Pampa,12416,53587,8420,7011000,987000,82421
2018,2,La Rioja,16663,34984,13,253000,35000,51948
2018,2,Mendoza,152938,36872,3084,6206000,1852000,200952
2018,2,Misiones,57265,47923,512,391000,56000,106147
2018,2,Neuquén,46633,52855,998,12649000,2713000,115848
2018,2,Río Negro,68667,32795,1252,4396000,5125000,112235
2018,2,Salta,78386,53478,678,234000,1391000,134167
2018,2,San Juan,54080,5068,826,3079000,1048000,64101
2018,2,San Luis,11104,7666,368,16000,2314000,21468
2018,2,Santa Cruz,18615,4474,585,6734000,3997000,34405
2018,2,Santa Fe,337934,304349,11354,15801000,15114000,684552
2018,2,Santiago del Estero,26074,55935,23,1662000,81000,83775
2018,2,Tierra del Fuego,19372,22756,531,1000,2047000,44707
2018,2,Tucumán,160315,8965,110,252000,315000,169957
2018,1,Buenos Aires,1452061,1793884,133928,64379000,31194000,3475446
2018,1,Capital Federal,349995,968483,35535,3164000,9393000,1366570
2018,1,Catamarca,27300,4415,15,1000,2214000,33945
2018,1,Chaco,54879,40157,383,388000,1130000,96937
2018,1,Chubut,56375,19591,1194,14070000,6729000,97959
2018,1,Córdoba,349342,326894,13178,13237000,11275000,713926
2018,1,Corrientes,56937,35225,888,1334000,33000,94417
2018,1,Entre Ríos,106998,75751,3789,10776000,80000,197394
2018,1,Formosa,23556,7095,17,1603000,57000,32328
2018,1,Jujuy,33856,10456,23,28000,43000,44406
2018,1,La Pampa,10807,51389,8386,10556000,1926000,83064
2018,1,La Rioja,16960,34984,13,253000,35000,52245
2018,1,Mendoza,152931,36872,3086,6206000,1852000,200947
2018,1,Misiones,56311,46880,328,5000,56000,103580
2018,1,Neuquén,46714,55072,1000,12404000,2713000,117903
2018,1,Río Negro,68769,31712,1251,4259000,5128000,111119
2018,1,Salta,79936,51534,118,204000,1391000,133183
2018,1,San Juan,54080,5068,826,2246000,1048000,63268
2018,1,San Luis,11104,7594,368,16000,2314000,21396
2018,1,Santa Cruz,18615,4474,1799,6734000,2783000,34405
2018,1,Santa Fe,341997,300421,10674,11636000,15298000,680026
2018,1,Santiago del Estero,26788,54594,23,1432000,81000,82918
2018,1,Tierra del Fuego,19372,9663,531,1000,2047000,31614
2018,1,Tucumán,158611,8921,107,368000,50000,168057
2017,4,Buenos Aires,1241172,1718013,131181,60082000,31448000,3181896
2017,4,Capital Federal,571363,961688,36277,3119000,9877000,1582324
2017,4,Catamarca,27083,263,11,1000,2200000,29558
2017,4,Chaco,55035,39690,389,380000,1121000,96615
2017,4,Chubut,56378,15097,1187,14070000,6708000,93440
2017,4,Córdoba,349710,324709,12778,12043000,10739000,709979
2017,4,Corrientes,56786,34722,894,1334000,35000,93771
2017,4,Entre Ríos,107764,73692,1894,10267000,86000,193703
2017,4,Formosa,23410,6973,19,1603000,51000,32056
2017,4,Jujuy,33844,9626,20,28000,34000,43552
2017,4,La Pampa,10808,50495,8272,10569000,1927000,82071
2017,4,La Rioja,16912,34984,14,253000,31000,52194
2017,4,Mendoza,152896,16114,3015,6206000,1920000,180151
2017,4,Misiones,56271,47470,95,5000,54000,103895
2017,4,Neuquén,46739,54119,1017,12404000,2692000,116971
2017,4,Río Negro,68690,30451,1250,4259000,5114000,109764
2017,4,Salta,80705,50446,127,158000,1376000,132812
2017,4,San Juan,54079,451,812,2246000,1036000,58624
2017,4,San Luis,11104,1119,335,17000,2329000,14904
2017,4,Santa Cruz,18614,1668,582,4638000,3950000,29452
2017,4,Santa Fe,341680,293831,10602,10965000,15382000,672460
2017,4,Santiago del Estero,27313,40407,19,1025000,80000,68844
2017,4,Tierra del Fuego,19372,6906,530,1000,2045000,28854
2017,4,Tucumán,156583,5223,105,102000,319000,162332
2017,3,Buenos Aires,1288025,1571180,124920,35058000,38777000,3057960
2017,3,Capital Federal,583249,941092,33481,2814000,9723000,1570359
2017,3,Catamarca,26873,4411,12,1000,2181000,33478
2017,3,Chaco,54888,37307,456,36000,1072000,93759
2017,3,Chubut,56359,5645,1217,13503000,6820000,83544
2017,3,Córdoba,344580,319360,10579,7137000,14988000,696644
2017,3,Corrientes,56247,33993,947,1334000,27000,92548
2017,3,Entre Ríos,107774,69596,1786,6245000,63000,185464
2017,3,Formosa,22647,6816,428,2202000,12000,32105
2017,3,Jujuy,33796,9395,20,23000,8000,43242
2017,3,La Pampa,11378,49679,5153,11536000,1944000,79690
2017,3,La Rioja,16638,34984,14,252000,25000,51913
2017,3,Mendoza,154036,33788,2772,29000,1866000,192491
2017,3,Misiones,56472,43880,110,5000,9000,100476
2017,3,Neuquén,48001,52468,1044,11576000,2695000,115784
2017,3,Río Negro,69301,30018,1106,3054000,4017000,107496
2017,3,Salta,80782,50284,127,158000,1167000,132518
2017,3,San Juan,54499,5068,816,1053000,1013000,62449
2017,3,San Luis,11407,7576,347,26000,2363000,21719
2017,3,Santa Cruz,19220,5487,1544,4552000,2887000,33690
2017,3,Santa Fe,322953,290655,6338,4897000,37499000,662342
2017,3,Santiago del Estero,27733,54096,19,911000,35000,82794
2017,3,Tierra del Fuego,21587,7012,622,1000,2244000,31466
2017,3,Tucumán,154130,6431,106,40000,305000,161012
2017,2,Buenos Aires,1378549,1535037,119132,21555000,24358000,3078631
2017,2,Capital Federal,615262,932466,38628,2819000,11016000,1600191
2017,2,Catamarca,26401,255,14,1000,34000,26705
2017,2,Chaco,54449,35613,458,52000,39000,90611
2017,2,Chubut,43994,1067,916,13194000,4804000,63975
2017,2,Córdoba,341748,303488,4451,6446000,1505000,657638
2017,2,Corrientes,55262,33192,258,1354000,31000,90097
2017,2,Entre Ríos,108309,67650,254,6448000,71000,182732
2017,2,Formosa,22493,6410,17,1023000,13000,29956
2017,2,Jujuy,33742,8858,22,0,35000,42657
2017,2,La Pampa,12754,48310,5194,6253000,511000,73022
2017,2,La Rioja,16244,0,15,2000,28000,16289
2017,2,Mendoza,153331,13030,2581,27000,1784000,170753
2017,2,Misiones,56752,42925,103,5000,9000,99794
2017,2,Neuquén,51794,50283,1133,11545000,2678000,117433
2017,2,Río Negro,67038,29147,961,3213000,1260000,101619
2017,2,Salta,80184,27280,115,158000,804000,108541
2017,2,San Juan,48670,451,772,1073000,915000,51881
2017,2,San Luis,11432,1120,354,26000,375000,13307
2017,2,Santa Cruz,15311,2722,1365,4735000,2255000,26388
2017,2,Santa Fe,329813,228102,3234,4958000,1173000,567280
2017,2,Santiago del Estero,28337,3900,19,911000,29000,33196
2017,2,Tierra del Fuego,22636,6905,665,1000,2350000,32557
2017,2,Tucumán,149013,5223,116,14000,45000,154411
2017,1,Buenos Aires,1559178,1465817,118839,21200000,24342000,3189376
2017,1,Capital Federal,428801,918328,38259,2730000,10928000,1399046
2017,1,Catamarca,26020,248,14,1000,34000,26317
2017,1,Chaco,54430,34277,252,52000,39000,89050
2017,1,Chubut,43994,999,916,13194000,4793000,63896
2017,1,Córdoba,335673,293479,4871,5782000,1394000,641199
2017,1,Corrientes,54993,31994,236,1354000,31000,88608
2017,1,Entre Ríos,108509,65095,230,6448000,71000,180353
2017,1,Formosa,22438,6215,16,1023000,13000,29705
2017,1,Jujuy,33869,9278,22,0,34000,43203
2017,1,La Pampa,12754,47195,5194,6253000,517000,71913
2017,1,La Rioja,16180,0,15,2000,28000,16225
2017,1,Mendoza,153326,13030,2581,27000,1769000,170733
2017,1,Misiones,57363,40142,101,5000,8000,97619
2017,1,Neuquén,51771,48109,1124,11665000,2670000,115339
2017,1,Río Negro,67075,28785,954,3213000,1261000,101288
2017,1,Salta,79837,26845,114,158000,679000,107633
2017,1,San Juan,48670,451,772,1073000,907000,51873
2017,1,San Luis,11432,1120,354,26000,375000,13307
2017,1,Santa Cruz,15502,2722,1272,4733000,2257000,26486
2017,1,Santa Fe,327458,226094,3210,4948000,1172000,562882
2017,1,Santiago del Estero,29616,3900,19,911000,29000,34475
2017,1,Tierra del Fuego,22636,6905,665,1000,2350000,32557
2017,1,Tucumán,147373,5223,116,14000,45000,152771
2016,4,Buenos Aires,1563542,1414676,118747,21394000,24342000,3142701
2016,4,Capital Federal,434835,914952,38161,2583000,10928000,1401459
2016,4,Catamarca,26735,250,14,1000,34000,27034
2016,4,Chaco,54974,33534,248,52000,39000,88847
2016,4,Chubut,43994,955,916,13107000,4793000,63765
2016,4,Córdoba,337368,289344,3368,5686000,789000,636555
2016,4,Corrientes,54981,31497,233,1354000,31000,88096
2016,4,Entre Ríos,109359,64141,226,6448000,71000,180245
2016,4,Formosa,22400,6061,16,1023000,13000,29513
2016,4,Jujuy,33838,8731,22,0,34000,42625
2016,4,La Pampa,12754,47245,5054,6253000,522000,71828
2016,4,La Rioja,16270,0,16,2000,28000,16316
2016,4,Mendoza,153320,13030,2579,27000,1769000,170725
2016,4,Misiones,57983,39294,100,5000,8000,97390
2016,4,Neuquén,51742,46389,1124,11910000,2670000,113835
2016,4,Río Negro,67057,28474,954,3274000,1261000,101020
2016,4,Salta,79389,26657,110,158000,621000,106935
2016,4,San Juan,48670,451,772,1121000,907000,51921
2016,4,San Luis,11432,1120,354,26000,375000,13307
2016,4,Santa Cruz,15607,2722,1055,4823000,2257000,26464
2016,4,Santa Fe,326721,225792,3201,4946000,1172000,561832
2016,4,Santiago del Estero,30192,3900,19,911000,29000,35051
2016,4,Tierra del Fuego,22636,6905,665,1000,2350000,32557
2016,4,Tucumán,146995,4482,116,14000,45000,151652
2016,3,Buenos Aires,1574216,1355770,113463,18867000,24276000,3086592
2016,3,Capital Federal,447726,905105,36796,2514000,10963000,1403104
2016,3,Catamarca,26689,248,14,1000,18000,26970
2016,3,Chaco,56251,32730,232,2000,15000,89230
2016,3,Chubut,43987,935,916,13364000,4750000,63952
2016,3,Córdoba,348481,285480,2540,5695000,395000,642591
2016,3,Corrientes,55934,30813,217,1354000,22000,88340
2016,3,Entre Ríos,112588,61850,206,6441000,64000,181149
2016,3,Formosa,21800,5905,9,0,2000,27716
2016,3,Jujuy,34250,8236,22,0,30000,42538
2016,3,La Pampa,12751,45952,4910,6236000,515000,70364
2016,3,La Rioja,16891,0,15,2000,22000,16930
2016,3,Mendoza,153233,13030,2576,28000,1757000,170624
2016,3,Misiones,59776,38130,79,5000,7000,97997
2016,3,Neuquén,51752,44739,1093,12402000,2617000,112603
2016,3,Río Negro,67043,28496,942,3293000,1252000,101026
2016,3,Salta,80866,26113,90,157000,565000,107791
2016,3,San Juan,48670,451,770,1174000,903000,51968
2016,3,San Luis,11432,1113,354,23000,371000,13293
2016,3,Santa Cruz,15570,2722,817,4978000,2170000,26257
2016,3,Santa Fe,334911,223011,3037,4862000,1190000,567011
2016,3,Santiago del Estero,31730,3900,19,3000,8000,35660
2016,3,Tierra del Fuego,22636,6276,665,1000,2347000,31925
2016,3,Tucumán,147259,3850,116,53000,41000,151319
2016,2,Buenos Aires,1579448,1305949,113070,21163000,25661000,3045291
2016,2,Capital Federal,450644,892209,36669,2390000,12672000,1394584
2016,2,Catamarca,26262,245,14,1000,34000,26556
2016,2,Chaco,56112,31825,221,52000,41000,88251
2016,2,Chubut,43977,867,916,13293000,4803000,63856
2016,2,Córdoba,348891,277615,1709,5610000,1089000,634914
2016,2,Corrientes,55511,29845,203,1354000,43000,86956
2016,2,Entre Ríos,112809,58768,169,6434000,193000,178373
2016,2,Formosa,22101,5658,6,1023000,14000,28802
2016,2,Jujuy,33758,7374,22,0,35000,41189
2016,2,La Pampa,12754,44654,4708,6225000,547000,68888
2016,2,La Rioja,16691,0,15,2000,28000,16736
2016,2,Mendoza,153321,13030,2576,29000,1868000,170824
2016,2,Misiones,59573,36145,77,5000,15000,95815
2016,2,Neuquén,51742,42370,1088,12466000,2849000,110515
2016,2,Río Negro,67031,28100,939,3300000,1334000,100704
2016,2,Salta,79438,24719,85,151000,539000,104932
2016,2,San Juan,48670,451,770,1214000,908000,52013
2016,2,San Luis,11432,1063,354,30000,377000,13256
2016,2,Santa Cruz,15453,2722,396,4996000,2586000,26153
2016,2,Santa Fe,336244,219088,2981,4744000,1417000,564474
2016,2,Santiago del Estero,32101,3900,19,911000,30000,36961
2016,2,Tierra del Fuego,22636,5707,665,1000,2350000,31359
2016,2,Tucumán,145486,2968,116,58000,49000,148677
2016,1,Buenos Aires,1583560,1200859,111231,21108000,25757000,2942515
2016,1,Capital Federal,454425,832126,36332,2284000,12729000,1337896
2016,1,Catamarca,26096,243,15,1000,34000,26389
2016,1,Chaco,56353,29994,211,52000,41000,86651
2016,1,Chubut,43967,834,916,13280000,4803000,63800
2016,1,Córdoba,350884,252346,674,5636000,386000,609926
2016,1,Corrientes,55454,28491,192,1354000,45000,85536
2016,1,Entre Ríos,113101,54948,146,6425000,193000,174813
2016,1,Formosa,21852,5420,5,1023000,14000,28314
2016,1,Jujuy,33481,6751,22,0,35000,40289
2016,1,La Pampa,12754,41881,4536,6209000,549000,65929
2016,1,La Rioja,16645,0,16,2000,28000,16691
2016,1,Mendoza,153299,13030,2576,34000,1871000,170810
2016,1,Misiones,59538,33330,70,5000,15000,92958
2016,1,Neuquén,51702,36122,1085,12502000,2850000,104261
2016,1,Río Negro,66894,27312,937,3341000,1338000,99822
2016,1,Salta,78973,22741,73,132000,507000,102426
2016,1,San Juan,48670,451,770,1195000,908000,51994
2016,1,San Luis,11432,1042,354,27000,377000,13232
2016,1,Santa Cruz,15654,2723,396,5088000,2426000,26287
2016,1,Santa Fe,338052,204816,3014,4686000,1428000,551996
2016,1,Santiago del Estero,32838,3900,19,911000,30000,37698
2016,1,Tierra del Fuego,22636,4834,665,1000,2350000,30486
2016,1,Tucumán,144233,2165,116,74000,49000,146637
2015,4,Buenos Aires,1586343,1223603,103269,20397000,25773000,2959385
2015,4,Capital Federal,455427,879950,19818,2273000,12758000,1370226
2015,4,Catamarca,26180,242,15,1000,34000,26472
2015,4,Chaco,56818,29456,186,52000,41000,86553
2015,4,Chubut,43968,811,916,13521000,4803000,64019
2015,4,Córdoba,353530,266062,480,5613000,385000,626070
2015,4,Corrientes,55681,28178,177,1354000,45000,85435
2015,4,Entre Ríos,113983,53411,122,6427000,194000,174137
2015,4,Formosa,21734,5314,4,1023000,14000,28089
2015,4,Jujuy,32934,6933,22,0,35000,39924
2015,4,La Pampa,12755,42705,4327,6205000,374000,66366
2015,4,La Rioja,16886,0,16,2000,28000,16932
2015,4,Mendoza,153293,13030,2572,38000,1874000,170807
2015,4,Misiones,60252,32533,48,5000,15000,92853
2015,4,Neuquén,51680,38902,1048,12934000,2852000,107416
2015,4,Río Negro,66851,27221,915,3407000,1328000,99722
2015,4,Salta,78744,22446,47,129000,554000,101920
2015,4,San Juan,48670,451,770,1230000,908000,52029
2015,4,San Luis,11432,1025,354,30000,377000,13218
2015,4,Santa Cruz,15614,2723,396,5261000,2409000,26403
2015,4,Santa Fe,339843,212911,2885,4596000,1437000,561672
2015,4,Santiago del Estero,33582,4365,19,1139000,30000,39135
2015,4,Tierra del Fuego,22636,4301,665,1000,2350000,29953
2015,4,Tucumán,144188,1653,116,88000,50000,146095
2015,3,Buenos Aires,1585467,1183894,113590,19989000,25825000,2928765
2015,3,Capital Federal,454815,871262,30974,2229000,12788000,1372068
2015,3,Catamarca,25801,242,15,1000,34000,26093
2015,3,Chaco,56282,28809,186,52000,41000,85370
2015,3,Chubut,43964,792,916,13408000,4803000,63883
2015,3,Córdoba,351692,264055,1450,5412000,389000,622998
2015,3,Corrientes,55792,27604,176,1340000,47000,84959
2015,3,Entre Ríos,113909,51945,122,6261000,197000,172434
2015,3,Formosa,21573,5264,2,899000,14000,27752
2015,3,Jujuy,32598,6895,22,0,35000,39550
2015,3,La Pampa,12755,41886,4078,6195000,557000,65471
2015,3,La Rioja,16725,0,16,2000,28000,16771
2015,3,Mendoza,153299,13030,2572,42000,1880000,170823
2015,3,Misiones,59921,31635,46,5000,15000,91622
2015,3,Neuquén,47102,36620,1045,13051000,2798000,100616
2015,3,Río Negro,66806,27130,917,3415000,1346000,99614
2015,3,Salta,78064,21688,47,129000,645000,100573
2015,3,San Juan,48670,451,770,1231000,908000,52030
2015,3,San Luis,11432,1025,354,31000,377000,13219
2015,3,Santa Cruz,15540,2718,396,5226000,2391000,26271
2015,3,Santa Fe,337042,209673,4169,4426000,1428000,556738
2015,3,Santiago del Estero,33886,4365,19,1097000,30000,39397
2015,3,Tierra del Fuego,22636,8085,665,1000,2350000,33737
2015,3,Tucumán,142925,1135,116,88000,50000,144314
2015,2,Buenos Aires,1581770,1141052,115660,19268000,26040000,2883790
2015,2,Capital Federal,453178,858342,19786,2172000,12806000,1346284
2015,2,Catamarca,25387,242,15,1000,34000,25679
2015,2,Chaco,55767,27809,179,52000,41000,83848
2015,2,Chubut,43949,762,916,13055000,4803000,63485
2015,2,Córdoba,348130,255596,435,5199000,386000,609746
2015,2,Corrientes,55238,26553,157,1321000,47000,83316
2015,2,Entre Ríos,113378,49767,119,6031000,197000,169492
2015,2,Formosa,21097,5164,2,737000,50000,27050
2015,2,Jujuy,32183,5482,22,0,35000,37722
2015,2,La Pampa,12756,40825,3719,6190000,562000,64052
2015,2,La Rioja,16463,0,16,2000,28000,16509
2015,2,Mendoza,153301,13030,2572,38000,1882000,170823
2015,2,Misiones,59179,29283,37,5000,15000,88519
2015,2,Neuquén,47078,34183,1044,12781000,2799000,97885
2015,2,Río Negro,66738,26268,916,3457000,1348000,98727
2015,2,Salta,77214,20297,47,129000,580000,98267
2015,2,San Juan,48670,451,770,1189000,908000,51988
2015,2,San Luis,11432,1025,354,33000,377000,13221
2015,2,Santa Cruz,15343,2707,396,4917000,2400000,25763
2015,2,Santa Fe,333117,204685,2877,4320000,1389000,546388
2015,2,Santiago del Estero,33873,4365,19,1091000,30000,39378
2015,2,Tierra del Fuego,22636,7927,665,1000,2350000,33579
2015,2,Tucumán,139944,479,116,88000,50000,140677
2015,1,Buenos Aires,1583135,1096836,134177,18754000,28940000,2861842
2015,1,Capital Federal,454934,841743,19334,1994000,14716000,1332721
2015,1,Catamarca,25033,241,16,1000,41000,25332
2015,1,Chaco,54952,26161,164,27000,56000,81360
2015,1,Chubut,45645,717,906,12540000,5465000,65273
2015,1,Córdoba,343883,247564,415,4645000,450000,596957
2015,1,Corrientes,54649,25372,129,1319000,62000,81531
2015,1,Entre Ríos,112363,47411,108,5943000,245000,166070
2015,1,Formosa,21022,4951,1,670000,56000,26700
2015,1,Jujuy,31505,5048,22,0,36000,36611
2015,1,La Pampa,13143,39571,3215,6164000,604000,62697
2015,1,La Rioja,16282,0,16,2000,33000,16333
2015,1,Mendoza,152433,13030,2542,29000,2126000,170160
2015,1,Misiones,58262,26836,30,5000,13000,85146
2015,1,Neuquén,47518,32152,1024,12088000,2960000,95742
2015,1,Río Negro,66274,25217,907,3473000,1462000,97333
2015,1,Salta,76280,19781,47,129000,574000,96811
2015,1,San Juan,48441,451,755,1165000,1007000,51819
2015,1,San Luis,11414,1025,351,30000,412000,13232
2015,1,Santa Cruz,16215,2700,392,4772000,2562000,26641
2015,1,Santa Fe,328809,199037,2845,4239000,1507000,536437
2015,1,Santiago del Estero,33813,4365,19,1020000,35000,39252
2015,1,Tierra del Fuego,22291,7924,657,1000,2583000,33456
2015,1,Tucumán,137857,115,116,88000,100000,138276
2014,4,Buenos Aires,1575978,1070135,120528,17728000,32038000,2816407
2014,4,Capital Federal,455785,840224,17155,1962000,15394000,1330520
2014,4,Catamarca,25192,241,16,0,44000,25493
2014,4,Chaco,55024,10918,31,0,62000,66035
2014,4,Chubut,48539,697,891,12256000,6159000,68542
2014,4,Córdoba,345157,240452,419,3918000,486000,590432
2014,4,Corrientes,54754,9526,40,1315000,75000,65710
2014,4,Entre Ríos,112291,23027,57,5178000,260000,140813
2014,4,Formosa,21245,4896,1,0,65000,26207
2014,4,Jujuy,31349,4583,22,37000,11000,36002
2014,4,La Pampa,16043,34281,514,5894000,648000,57380
2014,4,La Rioja,16352,0,17,0,33000,16402
2014,4,Mendoza,151797,13030,2534,31000,2222000,169614
2014,4,Misiones,58435,18613,16,150000,15000,77229
2014,4,Neuquén,47721,31778,1014,11853000,3030000,95396
2014,4,Río Negro,66307,23703,901,3819000,1530000,96260
2014,4,Salta,76026,17289,48,6000,578000,93947
2014,4,San Juan,48653,451,740,1202000,1073000,52119
2014,4,San Luis,11419,926,355,24000,423000,13147
2014,4,Santa Cruz,17553,448,388,4395000,2929000,25713
2014,4,Santa Fe,335267,183009,3205,6282000,1634000,529397
2014,4,Santiago del Estero,34110,4231,19,920000,37000,39317
2014,4,Tierra del Fuego,21948,3664,655,1000,2722000,28990
2014,4,Tucumán,137093,97,116,13000,105000,137424
2014,3,Buenos Aires,1562533,1110628,124474,20049000,31881000,2849565
2014,3,Capital Federal,450155,833402,17886,1995000,14387000,1317825
2014,3,Catamarca,24380,244,15,0,47000,24686
2014,3,Chaco,53321,10336,29,1000,59000,63746
2014,3,Chubut,49219,668,882,11853000,6515000,69137
2014,3,Córdoba,340212,240334,444,4064000,377000,585431
2014,3,Corrientes,52957,9184,31,1312000,65000,63549
2014,3,Entre Ríos,108907,22440,48,5203000,135000,136733
2014,3,Formosa,21021,4836,0,0,80000,25937
2014,3,Jujuy,30128,3541,22,37000,13000,33741
2014,3,La Pampa,16051,33940,538,11219000,677000,62425
2014,3,La Rioja,15864,0,14,1000,37000,15916
2014,3,Mendoza,150120,13030,2512,40000,2222000,167924
2014,3,Misiones,56933,18373,4,3000,14000,75327
2014,3,Neuquén,54458,30964,1000,12858000,3087000,102367
2014,3,Río Negro,65264,26590,888,3533000,1505000,97780
2014,3,Salta,73828,18394,43,109000,580000,92954
2014,3,San Juan,48272,451,731,1199000,1126000,51779
2014,3,San Luis,11303,925,355,25000,438000,13046
2014,3,Santa Cruz,17862,492,385,4273000,3098000,26110
2014,3,Santa Fe,325577,183630,4407,6540000,733000,520887
2014,3,Santiago del Estero,32820,3900,19,768000,41000,37548
2014,3,Tierra del Fuego,21840,3469,650,1000,2832000,28792
2014,3,Tucumán,131739,97,117,13000,100000,132066
2014,2,Buenos Aires,1568881,1025490,120008,17020000,33147000,2764546
2014,2,Capital Federal,447637,828411,17729,1883000,14555000,1310215
2014,2,Catamarca,24380,243,17,0,43000,24683
2014,2,Chaco,53321,9870,30,0,58000,63279
2014,2,Chubut,51070,649,866,10960000,6974000,70519
2014,2,Córdoba,337825,234729,351,3673000,374000,576952
2014,2,Corrientes,52883,8680,31,1309000,55000,62958
2014,2,Entre Ríos,108900,21706,49,4795000,133000,135583
2014,2,Formosa,20894,4628,0,0,78000,25600
2014,2,Jujuy,30128,4161,23,40000,9000,34361
2014,2,La Pampa,15957,32600,513,5869000,689000,55628
2014,2,La Rioja,15864,0,14,0,34000,15912
2014,2,Mendoza,148979,13030,2480,36000,2282000,166807
2014,2,Misiones,56933,17594,4,150000,8000,74689
2014,2,Neuquén,47767,29776,997,10765000,2983000,92288
2014,2,Río Negro,64920,24944,876,3657000,1560000,95957
2014,2,Salta,73841,17504,45,7000,577000,91974
2014,2,San Juan,48161,451,722,1139000,1173000,51646
2014,2,San Luis,11306,925,354,22000,448000,13055
2014,2,Santa Cruz,18956,448,381,4118000,3266000,27169
2014,2,Santa Fe,324101,178495,3085,6041000,636000,512358
2014,2,Santiago del Estero,32820,4231,19,907000,34000,38011
2014,2,Tierra del Fuego,21618,3008,648,1000,2934000,28209
2014,2,Tucumán,131740,97,121,13000,98000,132069
2014,1,Buenos Aires,1567685,1000879,120960,16528000,33824000,2739876
2014,1,Capital Federal,445569,820161,17767,1866000,14555000,1299918
2014,1,Catamarca,24126,46,17,0,43000,24232
2014,1,Chaco,52971,9497,30,0,58000,62556
2014,1,Chubut,51066,539,866,10776000,6974000,70221
2014,1,Córdoba,336841,225769,347,3585000,368000,566910
2014,1,Corrientes,52565,8279,31,1306000,55000,62236
2014,1,Entre Ríos,107883,21379,49,4887000,133000,134331
2014,1,Formosa,20774,4548,0,0,100000,25422
2014,1,Jujuy,29765,4030,23,0,9000,33827
2014,1,La Pampa,15826,31305,513,5848000,701000,54193
2014,1,La Rioja,15663,0,14,0,34000,15711
2014,1,Mendoza,148970,12076,2480,37000,2282000,165845
2014,1,Misiones,56597,17191,4,150000,8000,73950
2014,1,Neuquén,47790,28161,997,10381000,3051000,90380
2014,1,Río Negro,64886,24156,876,3576000,1572000,95066
2014,1,Salta,73131,17538,45,8000,568000,91290
2014,1,San Juan,48161,434,722,808000,1173000,51298
2014,1,San Luis,11306,428,354,21000,448000,12557
2014,1,Santa Cruz,18927,100,381,4092000,3264000,26764
2014,1,Santa Fe,322662,174296,3059,5951000,644000,506612
2014,1,Santiago del Estero,32567,3598,19,915000,34000,37133
2014,1,Tierra del Fuego,21618,2837,648,1000,2934000,28038
2014,1,Tucumán,129717,83,121,13000,98000,130032
